epoch,train_loss,train_acc,val_loss,val_acc,lr
1,0.5868086434900761,0.7427734375,0.45123223507043086,0.8,9.05463412215599e-05
2,0.465073824301362,0.7962239583333334,0.4016248944311431,0.8278787878787879,6.57963412215599e-05
3,0.4184343168511987,0.8227864583333333,0.38115993644251966,0.8409090909090909,3.52036587784401e-05
4,0.3783473838120699,0.8380208333333333,0.3732373334422256,0.8433333333333334,1.0453658778440105e-05
5,0.3528031149258216,0.8521484375,0.3704186900456746,0.843939393939394,1e-06
