eps,attacked_acc,asr
0.01,0.6666666666666666,1.0
0.05,0.6666666666666666,1.0
0.1,0.6666666666666666,1.0
0.2,0.3333333333333333,0.3333333333333333
